<?xml version="1.0" encoding="UTF-8"?>
<project-private xmlns="http://www.netbeans.org/ns/project-private/1">
    <editor-bookmarks xmlns="http://www.netbeans.org/ns/editor-bookmarks/2" lastBookmarkId="0"/>
    <open-files xmlns="http://www.netbeans.org/ns/projectui-open-files/2">
        <group>
            <file>file:/D:/Netbeans/BaiTapCK_JAVA/src/GUILogin_And_Register/GUILogin.java</file>
            <file>file:/D:/Netbeans/BaiTapCK_JAVA/src/GUISP/GUI_QLSP.java</file>
            <file>file:/D:/Netbeans/BaiTapCK_JAVA/src/GUILogin_And_Register/Account.java</file>
        </group>
    </open-files>
</project-private>
